Symbol,Security,GICS Sector,GICS Sub-Industry,Headquarters Location,Date added,CIK,Founded
MMM,3M,Industrials,Industrial Conglomerates,"Saint Paul, Minnesota",1957-03-04T00:00:00Z,66740,1/4/1902
AOS,A. O. Smith,Industrials,Building Products,"Milwaukee, Wisconsin",2017-07-26T00:00:00Z,91142,1/4/1916
ABT,Abbott Laboratories,Health Care,Health Care Equipment,"North Chicago, Illinois",1957-03-04T00:00:00Z,1800,1/4/1888
ABBV,AbbVie,Health Care,Biotechnology,"North Chicago, Illinois",2012-12-31T00:00:00Z,1551152,1/4/1888
ACN,Accenture,Information Technology,IT Consulting & Other Services,"Dublin, Ireland",2011-07-06T00:00:00Z,1467373,1/4/1989
ADBE,Adobe Inc.,Information Technology,Application Software,"San Jose, California",1997-05-05T00:00:00Z,796343,1/4/1982
AMD,Advanced Micro Devices,Information Technology,Semiconductors,"Santa Clara, California",2017-03-20T00:00:00Z,2488,1/4/1969
AES,AES Corporation,Utilities,Independent Power Producers & Energy Traders,"Arlington, Virginia",1998-10-02T00:00:00Z,874761,1/4/1981
AFL,Aflac,Financials,Life & Health Insurance,"Columbus, Georgia",1999-05-28T00:00:00Z,4977,1/4/1955
A,Agilent Technologies,Health Care,Life Sciences Tools & Services,"Santa Clara, California",2000-06-05T00:00:00Z,1090872,1/4/1999
APD,Air Products,Materials,Industrial Gases,"Upper Macungie Township, Pennsylvania",1985-04-30T00:00:00Z,2969,1/4/1940
ABNB,Airbnb,Consumer Discretionary,"Hotels, Resorts & Cruise Lines","San Francisco, California",2023-09-18T00:00:00Z,1559720,1/4/2008
AKAM,Akamai Technologies,Information Technology,Internet Services & Infrastructure,"Cambridge, Massachusetts",2007-07-12T00:00:00Z,1086222,1/4/1998
ALB,Albemarle Corporation,Materials,Specialty Chemicals,"Charlotte, North Carolina",2016-07-01T00:00:00Z,915913,1/4/1994
ARE,Alexandria Real Estate Equities,Real Estate,Office REITs,"Pasadena, California",2017-03-20T00:00:00Z,1035443,1/4/1994
ALGN,Align Technology,Health Care,Health Care Supplies,"Tempe, Arizona",2017-06-19T00:00:00Z,1097149,1/4/1997
ALLE,Allegion,Industrials,Building Products,"Dublin, Ireland",2013-12-02T00:00:00Z,1579241,1/4/1908
LNT,Alliant Energy,Utilities,Electric Utilities,"Madison, Wisconsin",2016-07-01T00:00:00Z,352541,1/4/1917
ALL,Allstate,Financials,Property & Casualty Insurance,"Northbrook, Illinois",1995-07-13T00:00:00Z,899051,1/4/1931
GOOGL,Alphabet Inc. (Class A),Communication Services,Interactive Media & Services,"Mountain View, California",2014-04-03T00:00:00Z,1652044,1/4/1998
GOOG,Alphabet Inc. (Class C),Communication Services,Interactive Media & Services,"Mountain View, California",2006-04-03T00:00:00Z,1652044,1/4/1998
MO,Altria,Consumer Staples,Tobacco,"Richmond, Virginia",1957-03-04T00:00:00Z,764180,1/4/1985
AMZN,Amazon,Consumer Discretionary,Broadline Retail,"Seattle, Washington",2005-11-18T00:00:00Z,1018724,1/4/1994
AMCR,Amcor,Materials,Paper & Plastic Packaging Products & Materials,"Warmley, Bristol, United Kingdom",2019-06-07T00:00:00Z,1748790,1/4/1860
AEE,Ameren,Utilities,Multi-Utilities,"St. Louis, Missouri",1991-09-19T00:00:00Z,1002910,1/4/1902
AEP,American Electric Power,Utilities,Electric Utilities,"Columbus, Ohio",1957-03-04T00:00:00Z,4904,1/4/1906
AXP,American Express,Financials,Consumer Finance,"New York City, New York",1976-06-30T00:00:00Z,4962,1/4/1850
AIG,American International Group,Financials,Multi-line Insurance,"New York City, New York",1980-03-31T00:00:00Z,5272,1/4/1919
AMT,American Tower,Real Estate,Telecom Tower REITs,"Boston, Massachusetts",2007-11-19T00:00:00Z,1053507,1/4/1995
AWK,American Water Works,Utilities,Water Utilities,"Camden, New Jersey",2016-03-04T00:00:00Z,1410636,1/4/1886
AMP,Ameriprise Financial,Financials,Asset Management & Custody Banks,"Minneapolis, Minnesota",2005-10-03T00:00:00Z,820027,1/4/1894
AME,Ametek,Industrials,Electrical Components & Equipment,"Berwyn, Pennsylvania",2013-09-23T00:00:00Z,1037868,1/4/1930
AMGN,Amgen,Health Care,Biotechnology,"Thousand Oaks, California",1992-01-02T00:00:00Z,318154,1/4/1980
APH,Amphenol,Information Technology,Electronic Components,"Wallingford, Connecticut",2008-09-30T00:00:00Z,820313,1/4/1932
ADI,Analog Devices,Information Technology,Semiconductors,"Wilmington, Massachusetts",1999-10-12T00:00:00Z,6281,1/4/1965
AON,Aon plc,Financials,Insurance Brokers,"London, United Kingdom",1996-04-23T00:00:00Z,315293,1/4/1919
APA,APA Corporation,Energy,Oil & Gas Exploration & Production,"Houston, Texas",1997-07-28T00:00:00Z,1841666,1/4/1954
APO,Apollo Global Management,Financials,Asset Management & Custody Banks,"New York City, New York",2024-12-23T00:00:00Z,1858681,1/4/1990
AAPL,Apple Inc.,Information Technology,"Technology Hardware, Storage & Peripherals","Cupertino, California",1982-11-30T00:00:00Z,320193,1/4/1977
AMAT,Applied Materials,Information Technology,Semiconductor Materials & Equipment,"Santa Clara, California",1995-03-16T00:00:00Z,6951,1/4/1967
APTV,Aptiv,Consumer Discretionary,Automotive Parts & Equipment,"Dublin, Ireland",2012-12-24T00:00:00Z,1521332,1/4/1994
ACGL,Arch Capital Group,Financials,Property & Casualty Insurance,"Hamilton, Bermuda",2022-11-01T00:00:00Z,947484,1/4/1995
ADM,Archer Daniels Midland,Consumer Staples,Agricultural Products & Services,"Chicago, Illinois",1957-03-04T00:00:00Z,7084,1/4/1902
ANET,Arista Networks,Information Technology,Communications Equipment,"Santa Clara, California",2018-08-28T00:00:00Z,1596532,1/4/2004
AJG,Arthur J. Gallagher & Co.,Financials,Insurance Brokers,"Rolling Meadows, Illinois",2016-05-31T00:00:00Z,354190,1/4/1927
AIZ,Assurant,Financials,Multi-line Insurance,"Atlanta, Georgia",2007-04-10T00:00:00Z,1267238,1/4/1892
T,AT&T,Communication Services,Integrated Telecommunication Services,"Dallas, Texas",1983-11-30T00:00:00Z,732717,1/4/1885
ATO,Atmos Energy,Utilities,Gas Utilities,"Dallas, Texas",2019-02-15T00:00:00Z,731802,1/4/1906
ADSK,Autodesk,Information Technology,Application Software,"San Francisco, California",1989-12-01T00:00:00Z,769397,1/4/1982
ADP,Automatic Data Processing,Industrials,Human Resource & Employment Services,"Roseland, New Jersey",1981-03-31T00:00:00Z,8670,1/4/1949
AZO,AutoZone,Consumer Discretionary,Automotive Retail,"Memphis, Tennessee",1997-01-02T00:00:00Z,866787,1/4/1979
AVB,AvalonBay Communities,Real Estate,Multi-Family Residential REITs,"Arlington, Virginia",2007-01-10T00:00:00Z,915912,1/4/1978
AVY,Avery Dennison,Materials,Paper & Plastic Packaging Products & Materials,"Mentor, Ohio",1987-12-31T00:00:00Z,8818,1/4/1935
AXON,Axon Enterprise,Industrials,Aerospace & Defense,"Scottsdale, Arizona",2023-05-04T00:00:00Z,1069183,1/4/1993
BKR,Baker Hughes,Energy,Oil & Gas Equipment & Services,"Houston, Texas",2017-07-07T00:00:00Z,1701605,1/4/2017
BALL,Ball Corporation,Materials,"Metal, Glass & Plastic Containers","Broomfield, Colorado",1984-10-31T00:00:00Z,9389,1/4/1880
BAC,Bank of America,Financials,Diversified Banks,"Charlotte, North Carolina",1976-06-30T00:00:00Z,70858,1/4/1874
BAX,Baxter International,Health Care,Health Care Equipment,"Deerfield, Illinois",1972-09-30T00:00:00Z,10456,1/4/1931
BDX,Becton Dickinson,Health Care,Health Care Equipment,"Franklin Lakes, New Jersey",1972-09-30T00:00:00Z,10795,1/4/1897
BRK.B,Berkshire Hathaway,Financials,Multi-Sector Holdings,"Omaha, Nebraska",2010-02-16T00:00:00Z,1067983,1/4/1839
BBY,Best Buy,Consumer Discretionary,Computer & Electronics Retail,"Richfield, Minnesota",1999-06-29T00:00:00Z,764478,1/4/1966
TECH,Bio-Techne,Health Care,Life Sciences Tools & Services,"Minneapolis, Minnesota",2021-08-30T00:00:00Z,842023,1/4/1976
BIIB,Biogen,Health Care,Biotechnology,"Cambridge, Massachusetts",2003-11-13T00:00:00Z,875045,1/4/1978
BLK,BlackRock,Financials,Asset Management & Custody Banks,"New York City, New York",2011-04-04T00:00:00Z,2012383,1/4/1988
BX,Blackstone Inc.,Financials,Asset Management & Custody Banks,"New York City, New York",2023-09-18T00:00:00Z,1393818,1/4/1985
XYZ,"Block, Inc.",Financials,Transaction & Payment Processing Services,none,2025-07-23T00:00:00Z,1512673,1/4/2009
BK,BNY Mellon,Financials,Asset Management & Custody Banks,"New York City, New York",1995-03-31T00:00:00Z,1390777,1/4/1784
BA,Boeing,Industrials,Aerospace & Defense,"Arlington, Virginia",1957-03-04T00:00:00Z,12927,1/4/1916
BKNG,Booking Holdings,Consumer Discretionary,"Hotels, Resorts & Cruise Lines","Norwalk, Connecticut",2009-11-06T00:00:00Z,1075531,1/4/1996
BSX,Boston Scientific,Health Care,Health Care Equipment,"Marlborough, Massachusetts",1995-02-24T00:00:00Z,885725,1/4/1979
BMY,Bristol Myers Squibb,Health Care,Pharmaceuticals,"New York City, New York",1957-03-04T00:00:00Z,14272,1/4/1887
AVGO,Broadcom,Information Technology,Semiconductors,"Palo Alto, California",2014-05-08T00:00:00Z,1730168,1/4/1961
BR,Broadridge Financial Solutions,Industrials,Data Processing & Outsourced Services,"Lake Success, New York",2018-06-18T00:00:00Z,1383312,1/4/1962
BRO,Brown & Brown,Financials,Insurance Brokers,"Daytona Beach, Florida",2021-09-20T00:00:00Z,79282,1/4/1939
BF.B,Brown–Forman,Consumer Staples,Distillers & Vintners,"Louisville, Kentucky",1982-10-31T00:00:00Z,14693,1/4/1870
BLDR,Builders FirstSource,Industrials,Building Products,"Irving, Texas",2023-12-18T00:00:00Z,1316835,1/4/1998
BG,Bunge Global,Consumer Staples,Agricultural Products & Services,"Chesterfield, Missouri",2023-03-15T00:00:00Z,1996862,1/4/1818
BXP,"BXP, Inc.",Real Estate,Office REITs,"Boston, Massachusetts",2006-04-03T00:00:00Z,1037540,1/4/1970
CHRW,C.H. Robinson,Industrials,Air Freight & Logistics,"Eden Prairie, Minnesota",2007-03-02T00:00:00Z,1043277,1/4/1905
CDNS,Cadence Design Systems,Information Technology,Application Software,"San Jose, California",2017-09-18T00:00:00Z,813672,1/4/1988
CZR,Caesars Entertainment,Consumer Discretionary,Casinos & Gaming,"Reno, Nevada",2021-03-22T00:00:00Z,1590895,1/4/1973
CPT,Camden Property Trust,Real Estate,Multi-Family Residential REITs,"Houston, Texas",2022-04-04T00:00:00Z,906345,1/4/1981
CPB,Campbell's Company (The),Consumer Staples,Packaged Foods & Meats,"Camden, New Jersey",1957-03-04T00:00:00Z,16732,1/4/1869
COF,Capital One,Financials,Consumer Finance,"Tysons Corner, Virginia",1998-07-01T00:00:00Z,927628,1/4/1994
CAH,Cardinal Health,Health Care,Health Care Distributors,"Dublin, Ohio",1997-05-27T00:00:00Z,721371,1/4/1971
KMX,CarMax,Consumer Discretionary,Automotive Retail,"Richmond, Virginia",2010-06-28T00:00:00Z,1170010,1/4/1993
CCL,Carnival,Consumer Discretionary,"Hotels, Resorts & Cruise Lines","Miami, Florida",1998-12-22T00:00:00Z,815097,1/4/1972
CARR,Carrier Global,Industrials,Building Products,"Palm Beach Gardens, Florida",2020-04-03T00:00:00Z,1783180,1/4/1915
CAT,Caterpillar Inc.,Industrials,Construction Machinery & Heavy Transportation Equipment,"Irving, Texas",1957-03-04T00:00:00Z,18230,1/4/1925
CBOE,Cboe Global Markets,Financials,Financial Exchanges & Data,"Chicago, Illinois",2017-03-01T00:00:00Z,1374310,1/4/1973
CBRE,CBRE Group,Real Estate,Real Estate Services,"Dallas, Texas",2006-11-10T00:00:00Z,1138118,1/4/1906
CDW,CDW Corporation,Information Technology,Technology Distributors,"Vernon Hills, Illinois",2019-09-23T00:00:00Z,1402057,1/4/1984
COR,Cencora,Health Care,Health Care Distributors,"Conshohocken, Pennsylvania",2001-08-30T00:00:00Z,1140859,1/4/1985
CNC,Centene Corporation,Health Care,Managed Health Care,"St. Louis, Missouri",2016-03-30T00:00:00Z,1071739,1/4/1984
CNP,CenterPoint Energy,Utilities,Multi-Utilities,"Houston, Texas",1985-07-31T00:00:00Z,1130310,1/4/1882
CF,CF Industries,Materials,Fertilizers & Agricultural Chemicals,"Deerfield, Illinois",2008-08-27T00:00:00Z,1324404,1/4/1946
CRL,Charles River Laboratories,Health Care,Life Sciences Tools & Services,"Wilmington, Massachusetts",2021-05-14T00:00:00Z,1100682,1/4/1947
SCHW,Charles Schwab Corporation,Financials,Investment Banking & Brokerage,"Westlake, Texas",1997-06-02T00:00:00Z,316709,1/4/1971
CHTR,Charter Communications,Communication Services,Cable & Satellite,"Stamford, Connecticut",2016-09-08T00:00:00Z,1091667,1/4/1993
CVX,Chevron Corporation,Energy,Integrated Oil & Gas,"San Ramon, California",1957-03-04T00:00:00Z,93410,1/4/1879
CMG,Chipotle Mexican Grill,Consumer Discretionary,Restaurants,"Newport Beach, California",2011-04-28T00:00:00Z,1058090,1/4/1993
CB,Chubb Limited,Financials,Property & Casualty Insurance,"Zurich, Switzerland",2010-07-15T00:00:00Z,896159,1/4/1985
CHD,Church & Dwight,Consumer Staples,Household Products,"Ewing, New Jersey",2015-12-29T00:00:00Z,313927,1/4/1847
CI,Cigna,Health Care,Health Care Services,"Bloomfield, Connecticut",1976-06-30T00:00:00Z,1739940,1/4/1982
CINF,Cincinnati Financial,Financials,Property & Casualty Insurance,"Fairfield, Ohio",1997-12-18T00:00:00Z,20286,1/4/1950
CTAS,Cintas,Industrials,Diversified Support Services,"Mason, Ohio",2001-03-01T00:00:00Z,723254,1/4/1929
CSCO,Cisco,Information Technology,Communications Equipment,"San Jose, California",1993-12-01T00:00:00Z,858877,1/4/1984
C,Citigroup,Financials,Diversified Banks,"New York City, New York",1988-05-31T00:00:00Z,831001,1/4/1998
CFG,Citizens Financial Group,Financials,Regional Banks,"Providence, Rhode Island",2016-01-29T00:00:00Z,759944,1/4/1828
CLX,Clorox,Consumer Staples,Household Products,"Oakland, California",1969-03-31T00:00:00Z,21076,1/4/1913
CME,CME Group,Financials,Financial Exchanges & Data,"Chicago, Illinois",2006-08-11T00:00:00Z,1156375,1/4/1848
CMS,CMS Energy,Utilities,Multi-Utilities,"Jackson, Michigan",1957-03-04T00:00:00Z,811156,1/4/1886
KO,Coca-Cola Company (The),Consumer Staples,Soft Drinks & Non-alcoholic Beverages,"Atlanta, Georgia",1957-03-04T00:00:00Z,21344,1/4/1886
CTSH,Cognizant,Information Technology,IT Consulting & Other Services,"Teaneck, New Jersey",2006-11-17T00:00:00Z,1058290,1/4/1994
COIN,Coinbase,Financials,Financial Exchanges & Data,"New York City, New York",2025-05-19T00:00:00Z,1679788,1/4/2012
CL,Colgate-Palmolive,Consumer Staples,Household Products,"New York City, New York",1957-03-04T00:00:00Z,21665,1/4/1806
CMCSA,Comcast,Communication Services,Cable & Satellite,"Philadelphia, Pennsylvania",2002-11-19T00:00:00Z,1166691,1/4/1963
CAG,Conagra Brands,Consumer Staples,Packaged Foods & Meats,"Chicago, Illinois",1983-08-31T00:00:00Z,23217,1/4/1919
COP,ConocoPhillips,Energy,Oil & Gas Exploration & Production,"Houston, Texas",1957-03-04T00:00:00Z,1163165,1/4/2002
ED,Consolidated Edison,Utilities,Multi-Utilities,"New York City, New York",1957-03-04T00:00:00Z,1047862,1/4/1823
STZ,Constellation Brands,Consumer Staples,Distillers & Vintners,"Rochester, New York",2005-07-01T00:00:00Z,16918,1/4/1945
CEG,Constellation Energy,Utilities,Electric Utilities,"Baltimore, Maryland",2022-02-02T00:00:00Z,1868275,1/4/1999
COO,Cooper Companies (The),Health Care,Health Care Supplies,"San Ramon, California",2016-09-23T00:00:00Z,711404,1/4/1958
CPRT,Copart,Industrials,Diversified Support Services,"Dallas, Texas",2018-07-02T00:00:00Z,900075,1/4/1982
GLW,Corning Inc.,Information Technology,Electronic Components,"Corning, New York",1995-02-27T00:00:00Z,24741,1/4/1851
CPAY,Corpay,Financials,Transaction & Payment Processing Services,"Atlanta, Georgia",2018-06-20T00:00:00Z,1175454,1/4/2000
CTVA,Corteva,Materials,Fertilizers & Agricultural Chemicals,"Indianapolis, Indiana",2019-06-03T00:00:00Z,1755672,1/4/2019
CSGP,CoStar Group,Real Estate,Real Estate Services,"Washington, D.C.",2022-09-19T00:00:00Z,1057352,1/4/1987
COST,Costco,Consumer Staples,Consumer Staples Merchandise Retail,"Issaquah, Washington",1993-10-01T00:00:00Z,909832,1/4/1976
CTRA,Coterra,Energy,Oil & Gas Exploration & Production,"Houston, Texas",2008-06-23T00:00:00Z,858470,1/4/1989
CRWD,CrowdStrike,Information Technology,Systems Software,"Austin, Texas",2024-06-24T00:00:00Z,1535527,1/4/2011
CCI,Crown Castle,Real Estate,Telecom Tower REITs,"Houston, Texas",2012-03-14T00:00:00Z,1051470,1/4/1994
CSX,CSX Corporation,Industrials,Rail Transportation,"Jacksonville, Florida",1957-03-04T00:00:00Z,277948,1/4/1980
CMI,Cummins,Industrials,Construction Machinery & Heavy Transportation Equipment,"Columbus, Indiana",1965-03-31T00:00:00Z,26172,1/4/1919
CVS,CVS Health,Health Care,Health Care Services,"Woonsocket, Rhode Island",1957-03-04T00:00:00Z,64803,1/4/1996
DHR,Danaher Corporation,Health Care,Life Sciences Tools & Services,"Washington, D.C.",1998-11-18T00:00:00Z,313616,1/4/1969
DRI,Darden Restaurants,Consumer Discretionary,Restaurants,"Orlando, Florida",1995-05-31T00:00:00Z,940944,1/4/1938
DDOG,Datadog,Information Technology,Application Software,"New York City, New York",2025-07-09T00:00:00Z,1561550,1/4/2010
DVA,DaVita,Health Care,Health Care Services,"Denver, Colorado",2008-07-31T00:00:00Z,927066,1/4/1979
DAY,Dayforce,Industrials,Human Resource & Employment Services,"Minneapolis, Minnesota",2021-09-20T00:00:00Z,1725057,1/4/1992
DECK,Deckers Brands,Consumer Discretionary,Footwear,"Goleta, California",2024-03-18T00:00:00Z,910521,1/4/1973
DE,Deere & Company,Industrials,Agricultural & Farm Machinery,"Moline, Illinois",1957-03-04T00:00:00Z,315189,1/4/1837
DELL,Dell Technologies,Information Technology,"Technology Hardware, Storage & Peripherals","Round Rock, Texas",2024-09-23T00:00:00Z,1571996,1/4/2016
DAL,Delta Air Lines,Industrials,Passenger Airlines,"Atlanta, Georgia",2013-09-11T00:00:00Z,27904,1/4/1929
DVN,Devon Energy,Energy,Oil & Gas Exploration & Production,"Oklahoma City, Oklahoma",2000-08-30T00:00:00Z,1090012,1/4/1971
DXCM,Dexcom,Health Care,Health Care Equipment,"San Diego, California",2020-05-12T00:00:00Z,1093557,1/4/1999
FANG,Diamondback Energy,Energy,Oil & Gas Exploration & Production,"Midland, Texas",2018-12-03T00:00:00Z,1539838,1/4/2007
DLR,Digital Realty,Real Estate,Data Center REITs,"Austin, Texas",2016-05-18T00:00:00Z,1297996,1/4/2004
DG,Dollar General,Consumer Staples,Consumer Staples Merchandise Retail,"Goodlettsville, Tennessee",2012-12-03T00:00:00Z,29534,1/4/1939
DLTR,Dollar Tree,Consumer Staples,Consumer Staples Merchandise Retail,"Chesapeake, Virginia",2011-12-19T00:00:00Z,935703,1/4/1986
D,Dominion Energy,Utilities,Multi-Utilities,"Richmond, Virginia",2016-11-30T00:00:00Z,715957,1/4/1983
DPZ,Domino's,Consumer Discretionary,Restaurants,"Ann Arbor, Michigan",2020-05-12T00:00:00Z,1286681,1/4/1960
DASH,DoorDash,Consumer Discretionary,Specialized Consumer Services,"San Francisco, California",2025-03-24T00:00:00Z,1792789,1/4/2012
DOV,Dover Corporation,Industrials,Industrial Machinery & Supplies & Components,"Downers Grove, Illinois",1985-10-31T00:00:00Z,29905,1/4/1955
DOW,Dow Inc.,Materials,Commodity Chemicals,"Midland, Michigan",2019-04-01T00:00:00Z,1751788,1/4/1897
DHI,D. R. Horton,Consumer Discretionary,Homebuilding,"Arlington, Texas",2005-06-22T00:00:00Z,882184,1/4/1978
DTE,DTE Energy,Utilities,Multi-Utilities,"Detroit, Michigan",1957-03-04T00:00:00Z,936340,1/4/1995
DUK,Duke Energy,Utilities,Electric Utilities,"Charlotte, North Carolina",1976-06-30T00:00:00Z,1326160,1/4/1904
DD,DuPont,Materials,Specialty Chemicals,"Wilmington, Delaware",2019-06-03T00:00:00Z,1666700,1/4/1802
EMN,Eastman Chemical Company,Materials,Specialty Chemicals,"Kingsport, Tennessee",1994-01-01T00:00:00Z,915389,1/4/1920
ETN,Eaton Corporation,Industrials,Electrical Components & Equipment,"Dublin, Ireland",1957-03-04T00:00:00Z,1551182,1/4/1911
EBAY,eBay Inc.,Consumer Discretionary,Broadline Retail,"San Jose, California",2002-07-22T00:00:00Z,1065088,1/4/1995
ECL,Ecolab,Materials,Specialty Chemicals,"Saint Paul, Minnesota",1989-01-31T00:00:00Z,31462,1/4/1923
EIX,Edison International,Utilities,Electric Utilities,"Rosemead, California",1957-03-04T00:00:00Z,827052,1/4/1886
EW,Edwards Lifesciences,Health Care,Health Care Equipment,"Irvine, California",2011-04-01T00:00:00Z,1099800,1/4/1958
EA,Electronic Arts,Communication Services,Interactive Home Entertainment,"Redwood City, California",2002-07-22T00:00:00Z,712515,1/4/1982
ELV,Elevance Health,Health Care,Managed Health Care,"Indianapolis, Indiana",2002-07-25T00:00:00Z,1156039,1/4/1946
EMR,Emerson Electric,Industrials,Electrical Components & Equipment,"Ferguson, Missouri",1965-03-31T00:00:00Z,32604,1/4/1890
ENPH,Enphase Energy,Information Technology,Semiconductor Materials & Equipment,"Fremont, California",2021-01-07T00:00:00Z,1463101,1/4/2006
ETR,Entergy,Utilities,Electric Utilities,"New Orleans, Louisiana",1957-03-04T00:00:00Z,65984,1/4/1913
EOG,EOG Resources,Energy,Oil & Gas Exploration & Production,"Houston, Texas",2000-11-02T00:00:00Z,821189,1/4/1999
EPAM,EPAM Systems,Information Technology,IT Consulting & Other Services,"Newtown, Pennsylvania",2021-12-14T00:00:00Z,1352010,1/4/1993
EQT,EQT Corporation,Energy,Oil & Gas Exploration & Production,"Pittsburgh, Pennsylvania",2022-10-03T00:00:00Z,33213,1/4/1888
EFX,Equifax,Industrials,Research & Consulting Services,"Atlanta, Georgia",1997-06-19T00:00:00Z,33185,1/4/1899
EQIX,Equinix,Real Estate,Data Center REITs,"Redwood City, California",2015-03-20T00:00:00Z,1101239,1/4/1998
EQR,Equity Residential,Real Estate,Multi-Family Residential REITs,"Chicago, Illinois",2001-12-03T00:00:00Z,906107,1/4/1969
ERIE,Erie Indemnity,Financials,Insurance Brokers,"Erie, Pennsylvania",2024-09-23T00:00:00Z,922621,1/4/1925
ESS,Essex Property Trust,Real Estate,Multi-Family Residential REITs,"San Mateo, California",2014-04-02T00:00:00Z,920522,1/4/1971
EL,Estée Lauder Companies (The),Consumer Staples,Personal Care Products,"New York City, New York",2006-01-05T00:00:00Z,1001250,1/4/1946
EG,Everest Group,Financials,Reinsurance,"Hamilton, Bermuda",2017-06-19T00:00:00Z,1095073,1/4/1973
EVRG,Evergy,Utilities,Electric Utilities,"Kansas City, Missouri",2018-06-05T00:00:00Z,1711269,1/4/1909
ES,Eversource Energy,Utilities,Electric Utilities,"Hartford, Connecticut",2009-07-24T00:00:00Z,72741,1/4/1966
EXC,Exelon,Utilities,Electric Utilities,"Chicago, Illinois",1957-03-04T00:00:00Z,1109357,1/4/2000
EXE,Expand Energy,Energy,Oil & Gas Exploration & Production,"Oklahoma City, Oklahoma",2025-03-24T00:00:00Z,895126,1/4/1989
EXPE,Expedia Group,Consumer Discretionary,"Hotels, Resorts & Cruise Lines","Seattle, Washington",2007-10-02T00:00:00Z,1324424,1/4/1996
EXPD,Expeditors International,Industrials,Air Freight & Logistics,"Seattle, Washington",2007-10-10T00:00:00Z,746515,1/4/1979
EXR,Extra Space Storage,Real Estate,Self-Storage REITs,"Salt Lake City, Utah",2016-01-19T00:00:00Z,1289490,1/4/1977
XOM,ExxonMobil,Energy,Integrated Oil & Gas,"Irving, Texas",1957-03-04T00:00:00Z,34088,1/4/1999
FFIV,"F5, Inc.",Information Technology,Communications Equipment,"Seattle, Washington",2010-12-20T00:00:00Z,1048695,1/4/1996
FDS,FactSet,Financials,Financial Exchanges & Data,"Norwalk, Connecticut",2021-12-20T00:00:00Z,1013237,1/4/1978
FICO,Fair Isaac,Information Technology,Application Software,"Bozeman, Montana",2023-03-20T00:00:00Z,814547,1/4/1956
FAST,Fastenal,Industrials,Trading Companies & Distributors,"Winona, Minnesota",2008-09-15T00:00:00Z,815556,1/4/1967
FRT,Federal Realty Investment Trust,Real Estate,Retail REITs,"Rockville, Maryland",2016-02-01T00:00:00Z,34903,1/4/1962
FDX,FedEx,Industrials,Air Freight & Logistics,"Memphis, Tennessee",1980-12-31T00:00:00Z,1048911,1/4/1971
FIS,Fidelity National Information Services,Financials,Transaction & Payment Processing Services,"Jacksonville, Florida",2006-11-10T00:00:00Z,1136893,1/4/1968
FITB,Fifth Third Bancorp,Financials,Regional Banks,"Cincinnati, Ohio",1996-03-29T00:00:00Z,35527,1/4/1858
FSLR,First Solar,Information Technology,Semiconductors,"Tempe, Arizona",2022-12-19T00:00:00Z,1274494,1/4/1999
FE,FirstEnergy,Utilities,Electric Utilities,"Akron, Ohio",1997-11-28T00:00:00Z,1031296,1/4/1997
FI,Fiserv,Financials,Transaction & Payment Processing Services,"Brookfield, Wisconsin",2001-04-02T00:00:00Z,798354,1/4/1984
F,Ford Motor Company,Consumer Discretionary,Automobile Manufacturers,"Dearborn, Michigan",1957-03-04T00:00:00Z,37996,1/4/1903
FTNT,Fortinet,Information Technology,Systems Software,"Sunnyvale, California",2018-10-11T00:00:00Z,1262039,1/4/2000
FTV,Fortive,Industrials,Industrial Machinery & Supplies & Components,"Everett, Washington",2016-07-01T00:00:00Z,1659166,1/4/2016
FOXA,Fox Corporation (Class A),Communication Services,Broadcasting,"New York City, New York",2019-03-19T00:00:00Z,1754301,1/4/2019
FOX,Fox Corporation (Class B),Communication Services,Broadcasting,"New York City, New York",2019-03-19T00:00:00Z,1754301,1/4/2019
BEN,Franklin Resources,Financials,Asset Management & Custody Banks,"San Mateo, California",1998-04-30T00:00:00Z,38777,1/4/1947
FCX,Freeport-McMoRan,Materials,Copper,"Phoenix, Arizona",2011-07-01T00:00:00Z,831259,1/4/1912
GRMN,Garmin,Consumer Discretionary,Consumer Electronics,"Schaffhausen, Switzerland",2012-12-12T00:00:00Z,1121788,1/4/1989
IT,Gartner,Information Technology,IT Consulting & Other Services,"Stamford, Connecticut",2017-04-05T00:00:00Z,749251,1/4/1979
GE,GE Aerospace,Industrials,Aerospace & Defense,"Evendale, Ohio",1957-03-04T00:00:00Z,40545,1/4/1892
GEHC,GE HealthCare,Health Care,Health Care Equipment,"Chicago, Illinois",2023-01-04T00:00:00Z,1932393,1/4/1994
GEV,GE Vernova,Industrials,Heavy Electrical Equipment,"Cambridge, Massachusetts",2024-04-02T00:00:00Z,1996810,1/4/2024
GEN,Gen Digital,Information Technology,Systems Software,"Tempe, Arizona",2003-03-25T00:00:00Z,849399,1/4/1982
GNRC,Generac,Industrials,Electrical Components & Equipment,"Waukesha, Wisconsin",2021-03-22T00:00:00Z,1474735,1/4/1959
GD,General Dynamics,Industrials,Aerospace & Defense,"Falls Church, Virginia",1957-03-04T00:00:00Z,40533,1/4/1899
GIS,General Mills,Consumer Staples,Packaged Foods & Meats,"Golden Valley, Minnesota",1957-03-04T00:00:00Z,40704,1/4/1856
GM,General Motors,Consumer Discretionary,Automobile Manufacturers,"Detroit, Michigan",2013-06-06T00:00:00Z,1467858,1/4/1908
GPC,Genuine Parts Company,Consumer Discretionary,Distributors,"Atlanta, Georgia",1973-12-31T00:00:00Z,40987,1/4/1925
GILD,Gilead Sciences,Health Care,Biotechnology,"Foster City, California",2004-07-01T00:00:00Z,882095,1/4/1987
GPN,Global Payments,Financials,Transaction & Payment Processing Services,"Atlanta, Georgia",2016-04-25T00:00:00Z,1123360,1/4/2000
GL,Globe Life,Financials,Life & Health Insurance,"McKinney, Texas",1989-04-30T00:00:00Z,320335,1/4/1900
GDDY,GoDaddy,Information Technology,Internet Services & Infrastructure,"Tempe, Arizona",2024-06-24T00:00:00Z,1609711,1/4/1997
GS,Goldman Sachs,Financials,Investment Banking & Brokerage,"New York City, New York",2002-07-22T00:00:00Z,886982,1/4/1869
HAL,Halliburton,Energy,Oil & Gas Equipment & Services,"Houston, Texas",1957-03-04T00:00:00Z,45012,1/4/1919
HIG,Hartford (The),Financials,Property & Casualty Insurance,"Hartford, Connecticut",1957-03-04T00:00:00Z,874766,1/4/1810
HAS,Hasbro,Consumer Discretionary,Leisure Products,"Pawtucket, Rhode Island",1984-09-30T00:00:00Z,46080,1/4/1923
HCA,HCA Healthcare,Health Care,Health Care Facilities,"Nashville, Tennessee",2015-01-27T00:00:00Z,860730,1/4/1968
DOC,Healthpeak Properties,Real Estate,Health Care REITs,"Denver, Colorado",2008-03-31T00:00:00Z,765880,1/4/1985
HSIC,Henry Schein,Health Care,Health Care Distributors,"Melville, New York",2015-03-17T00:00:00Z,1000228,1/4/1932
HSY,Hershey Company (The),Consumer Staples,Packaged Foods & Meats,"Hershey, Pennsylvania",1957-03-04T00:00:00Z,47111,1/4/1894
HPE,Hewlett Packard Enterprise,Information Technology,"Technology Hardware, Storage & Peripherals","Houston, Texas",2015-11-02T00:00:00Z,1645590,1/4/2015
HLT,Hilton Worldwide,Consumer Discretionary,"Hotels, Resorts & Cruise Lines","Tysons Corner, Virginia",2017-06-19T00:00:00Z,1585689,1/4/1919
HOLX,Hologic,Health Care,Health Care Equipment,"Marlborough, Massachusetts",2016-03-30T00:00:00Z,859737,1/4/1985
HD,Home Depot (The),Consumer Discretionary,Home Improvement Retail,"Atlanta, Georgia",1988-03-31T00:00:00Z,354950,1/4/1978
HON,Honeywell,Industrials,Industrial Conglomerates,"Charlotte, North Carolina",1957-03-04T00:00:00Z,773840,1/4/1906
HRL,Hormel Foods,Consumer Staples,Packaged Foods & Meats,"Austin, Minnesota",2009-03-04T00:00:00Z,48465,1/4/1891
HST,Host Hotels & Resorts,Real Estate,Hotel & Resort REITs,"Bethesda, Maryland",2007-03-20T00:00:00Z,1070750,1/4/1993
HWM,Howmet Aerospace,Industrials,Aerospace & Defense,"Pittsburgh, Pennsylvania",2016-10-21T00:00:00Z,4281,1/4/1888
HPQ,HP Inc.,Information Technology,"Technology Hardware, Storage & Peripherals","Palo Alto, California",1974-12-31T00:00:00Z,47217,1/4/1939
HUBB,Hubbell Incorporated,Industrials,Industrial Machinery & Supplies & Components,"Shelton, Connecticut",2023-10-18T00:00:00Z,48898,1/4/1888
HUM,Humana,Health Care,Managed Health Care,"Louisville, Kentucky",2012-12-10T00:00:00Z,49071,1/4/1961
HBAN,Huntington Bancshares,Financials,Regional Banks,"Columbus, Ohio; Detroit, Michigan",1997-08-28T00:00:00Z,49196,1/4/1866
HII,Huntington Ingalls Industries,Industrials,Aerospace & Defense,"Newport News, Virginia",2018-01-03T00:00:00Z,1501585,1/4/2011
IBM,IBM,Information Technology,IT Consulting & Other Services,"Armonk, New York",1957-03-04T00:00:00Z,51143,1/4/1911
IEX,IDEX Corporation,Industrials,Industrial Machinery & Supplies & Components,"Lake Forest, Illinois",2019-08-09T00:00:00Z,832101,1/4/1988
IDXX,Idexx Laboratories,Health Care,Health Care Equipment,"Westbrook, Maine",2017-01-05T00:00:00Z,874716,1/4/1983
ITW,Illinois Tool Works,Industrials,Industrial Machinery & Supplies & Components,"Glenview, Illinois",1986-02-28T00:00:00Z,49826,1/4/1912
INCY,Incyte,Health Care,Biotechnology,"Wilmington, Delaware",2017-02-28T00:00:00Z,879169,1/4/1991
IR,Ingersoll Rand,Industrials,Industrial Machinery & Supplies & Components,"Davidson, North Carolina",2020-03-03T00:00:00Z,1699150,1/4/1859
PODD,Insulet Corporation,Health Care,Health Care Equipment,"Acton, Massachusetts",2023-03-15T00:00:00Z,1145197,1/4/2000
INTC,Intel,Information Technology,Semiconductors,"Santa Clara, California",1976-12-31T00:00:00Z,50863,1/4/1968
ICE,Intercontinental Exchange,Financials,Financial Exchanges & Data,"Atlanta, Georgia",2007-09-26T00:00:00Z,1571949,1/4/2000
IFF,International Flavors & Fragrances,Materials,Specialty Chemicals,"New York City, New York",1976-03-31T00:00:00Z,51253,1/4/1889
IP,International Paper,Materials,Paper & Plastic Packaging Products & Materials,"Memphis, Tennessee",1957-03-04T00:00:00Z,51434,1/4/1898
IPG,Interpublic Group of Companies (The),Communication Services,Advertising,"New York City, New York",1992-10-01T00:00:00Z,51644,1/4/1930
INTU,Intuit,Information Technology,Application Software,"Mountain View, California",2000-12-05T00:00:00Z,896878,1/4/1983
ISRG,Intuitive Surgical,Health Care,Health Care Equipment,"Sunnyvale, California",2008-06-02T00:00:00Z,1035267,1/4/1995
IVZ,Invesco,Financials,Asset Management & Custody Banks,"Atlanta, Georgia",2008-08-21T00:00:00Z,914208,1/4/1935
INVH,Invitation Homes,Real Estate,Single-Family Residential REITs,"Dallas, Texas",2022-09-19T00:00:00Z,1687229,1/4/2012
IQV,IQVIA,Health Care,Life Sciences Tools & Services,"Durham, North Carolina",2017-08-29T00:00:00Z,1478242,1/4/1982
IRM,Iron Mountain,Real Estate,Other Specialized REITs,"Boston, Massachusetts",2009-01-06T00:00:00Z,1020569,1/4/1951
JBHT,J.B. Hunt,Industrials,Cargo Ground Transportation,"Lowell, Arkansas",2015-07-01T00:00:00Z,728535,1/4/1961
JBL,Jabil,Information Technology,Electronic Manufacturing Services,"St. Petersburg, Florida",2023-12-18T00:00:00Z,898293,1/4/1966
JKHY,Jack Henry & Associates,Financials,Transaction & Payment Processing Services,"Monett, Missouri",2018-11-13T00:00:00Z,779152,1/4/1976
J,Jacobs Solutions,Industrials,Construction & Engineering,"Dallas, Texas",2007-10-26T00:00:00Z,52988,1/4/1947
JNJ,Johnson & Johnson,Health Care,Pharmaceuticals,"New Brunswick, New Jersey",1973-06-30T00:00:00Z,200406,1/4/1886
JCI,Johnson Controls,Industrials,Building Products,"Cork, Ireland",2010-08-27T00:00:00Z,833444,1/4/1885
JPM,JPMorgan Chase,Financials,Diversified Banks,"New York City, New York",1975-06-30T00:00:00Z,19617,1/4/1799
K,Kellanova,Consumer Staples,Packaged Foods & Meats,"Chicago, Illinois",1989-09-11T00:00:00Z,55067,1/4/1906
KVUE,Kenvue,Consumer Staples,Personal Care Products,"Skillman, New Jersey",2023-08-25T00:00:00Z,1944048,1/4/2022
KDP,Keurig Dr Pepper,Consumer Staples,Soft Drinks & Non-alcoholic Beverages,"Burlington, Massachusetts",2022-06-21T00:00:00Z,1418135,1/4/1981
KEY,KeyCorp,Financials,Regional Banks,"Cleveland, Ohio",1994-03-01T00:00:00Z,91576,1/4/1825
KEYS,Keysight Technologies,Information Technology,Electronic Equipment & Instruments,"Santa Rosa, California",2018-11-06T00:00:00Z,1601046,1/4/1939
KMB,Kimberly-Clark,Consumer Staples,Household Products,"Irving, Texas",1957-03-04T00:00:00Z,55785,1/4/1872
KIM,Kimco Realty,Real Estate,Retail REITs,"Jericho, New York",2006-04-04T00:00:00Z,879101,1/4/1958
KMI,Kinder Morgan,Energy,Oil & Gas Storage & Transportation,"Houston, Texas",2012-05-25T00:00:00Z,1506307,1/4/1997
KKR,KKR & Co.,Financials,Asset Management & Custody Banks,"New York City, New York",2024-06-24T00:00:00Z,1404912,1/4/1976
KLAC,KLA Corporation,Information Technology,Semiconductor Materials & Equipment,"Milpitas, California",1997-09-30T00:00:00Z,319201,1/4/1975
KHC,Kraft Heinz,Consumer Staples,Packaged Foods & Meats,"Chicago, Illinois; Pittsburgh, Pennsylvania",2015-07-06T00:00:00Z,1637459,1/4/1869
KR,Kroger,Consumer Staples,Food Retail,"Cincinnati, Ohio",1957-03-04T00:00:00Z,56873,1/4/1883
LHX,L3Harris,Industrials,Aerospace & Defense,"Melbourne, Florida",2008-09-22T00:00:00Z,202058,1/4/1895
LH,Labcorp,Health Care,Health Care Services,"Burlington, North Carolina",2004-11-01T00:00:00Z,920148,1/4/1978
LRCX,Lam Research,Information Technology,Semiconductor Materials & Equipment,"Fremont, California",2012-06-29T00:00:00Z,707549,1/4/1980
LW,Lamb Weston,Consumer Staples,Packaged Foods & Meats,"Eagle, Idaho",2018-12-03T00:00:00Z,1679273,1/4/1950
LVS,Las Vegas Sands,Consumer Discretionary,Casinos & Gaming,"Las Vegas, Nevada",2019-10-03T00:00:00Z,1300514,1/4/1988
LDOS,Leidos,Industrials,Diversified Support Services,"Reston, Virginia",2019-08-09T00:00:00Z,1336920,1/4/1969
LEN,Lennar,Consumer Discretionary,Homebuilding,"Miami, Florida",2005-10-04T00:00:00Z,920760,1/4/1954
LII,Lennox International,Industrials,Building Products,"Richardson, Texas",2024-12-23T00:00:00Z,1069202,1/4/1895
LLY,Lilly (Eli),Health Care,Pharmaceuticals,"Indianapolis, Indiana",1970-12-31T00:00:00Z,59478,1/4/1876
LIN,Linde plc,Materials,Industrial Gases,"Guildford, United Kingdom",1992-07-01T00:00:00Z,1707925,1/4/1879
LYV,Live Nation Entertainment,Communication Services,Movies & Entertainment,"Beverly Hills, California",2019-12-23T00:00:00Z,1335258,1/4/2010
LKQ,LKQ Corporation,Consumer Discretionary,Distributors,"Chicago, Illinois",2016-05-23T00:00:00Z,1065696,1/4/1998
LMT,Lockheed Martin,Industrials,Aerospace & Defense,"Bethesda, Maryland",1957-03-04T00:00:00Z,936468,1/4/1995
L,Loews Corporation,Financials,Multi-line Insurance,"New York City, New York",1995-05-31T00:00:00Z,60086,1/4/1959
LOW,Lowe's,Consumer Discretionary,Home Improvement Retail,"Mooresville, North Carolina",1984-02-29T00:00:00Z,60667,1/4/1904
LULU,Lululemon Athletica,Consumer Discretionary,"Apparel, Accessories & Luxury Goods","Vancouver, Canada",2023-10-18T00:00:00Z,1397187,1/4/1998
LYB,LyondellBasell,Materials,Specialty Chemicals,"Rotterdam, Netherlands",2012-09-05T00:00:00Z,1489393,1/4/2007
MTB,M&T Bank,Financials,Regional Banks,"Buffalo, New York",2004-02-23T00:00:00Z,36270,1/4/1856
MPC,Marathon Petroleum,Energy,Oil & Gas Refining & Marketing,"Findlay, Ohio",2011-07-01T00:00:00Z,1510295,1/4/1887
MKTX,MarketAxess,Financials,Financial Exchanges & Data,"New York City, New York",2019-07-01T00:00:00Z,1278021,1/4/2000
MAR,Marriott International,Consumer Discretionary,"Hotels, Resorts & Cruise Lines","Bethesda, Maryland",1998-05-29T00:00:00Z,1048286,1/4/1927
MMC,Marsh McLennan,Financials,Insurance Brokers,"New York City, New York",1987-08-31T00:00:00Z,62709,1/4/1905
MLM,Martin Marietta Materials,Materials,Construction Materials,"Raleigh, North Carolina",2014-07-02T00:00:00Z,916076,1/4/1993
MAS,Masco,Industrials,Building Products,"Livonia, Michigan",1981-06-30T00:00:00Z,62996,1/4/1929
MA,Mastercard,Financials,Transaction & Payment Processing Services,"Harrison, New York",2008-07-18T00:00:00Z,1141391,1/4/1966
MTCH,Match Group,Communication Services,Interactive Media & Services,"Dallas, Texas",2021-09-20T00:00:00Z,891103,1/4/1986
MKC,McCormick & Company,Consumer Staples,Packaged Foods & Meats,"Hunt Valley, Maryland",2003-03-20T00:00:00Z,63754,1/4/1889
MCD,McDonald's,Consumer Discretionary,Restaurants,"Chicago, Illinois",1970-06-30T00:00:00Z,63908,1/4/1940
MCK,McKesson Corporation,Health Care,Health Care Distributors,"Irving, Texas",1999-01-13T00:00:00Z,927653,1/4/1833
MDT,Medtronic,Health Care,Health Care Equipment,"Dublin, Ireland",1986-10-31T00:00:00Z,1613103,1/4/1949
MRK,Merck & Co.,Health Care,Pharmaceuticals,"Kenilworth, New Jersey",1957-03-04T00:00:00Z,310158,1/4/1891
META,Meta Platforms,Communication Services,Interactive Media & Services,"Menlo Park, California",2013-12-23T00:00:00Z,1326801,1/4/2004
MET,MetLife,Financials,Life & Health Insurance,"New York City, New York",2000-12-11T00:00:00Z,1099219,1/4/1868
MTD,Mettler Toledo,Health Care,Life Sciences Tools & Services,"Columbus, Ohio",2016-09-06T00:00:00Z,1037646,1/4/1945
MGM,MGM Resorts,Consumer Discretionary,Casinos & Gaming,"Paradise, Nevada",2017-07-26T00:00:00Z,789570,1/4/1986
MCHP,Microchip Technology,Information Technology,Semiconductors,"Chandler, Arizona",2007-09-07T00:00:00Z,827054,1/4/1989
MU,Micron Technology,Information Technology,Semiconductors,"Boise, Idaho",1994-09-27T00:00:00Z,723125,1/4/1978
MSFT,Microsoft,Information Technology,Systems Software,"Redmond, Washington",1994-06-01T00:00:00Z,789019,1/4/1975
MAA,Mid-America Apartment Communities,Real Estate,Multi-Family Residential REITs,"Memphis, Tennessee",2016-12-02T00:00:00Z,912595,1/4/1977
MRNA,Moderna,Health Care,Biotechnology,"Cambridge, Massachusetts",2021-07-21T00:00:00Z,1682852,1/4/2010
MHK,Mohawk Industries,Consumer Discretionary,Home Furnishings,"Calhoun, Georgia",2013-12-23T00:00:00Z,851968,1/4/1878
MOH,Molina Healthcare,Health Care,Managed Health Care,"Long Beach, California",2022-03-02T00:00:00Z,1179929,1/4/1980
TAP,Molson Coors Beverage Company,Consumer Staples,Brewers,"Chicago, Illinois",1976-06-30T00:00:00Z,24545,1/4/1786
MDLZ,Mondelez International,Consumer Staples,Packaged Foods & Meats,"Chicago, Illinois",2012-10-02T00:00:00Z,1103982,1/4/2012
MPWR,Monolithic Power Systems,Information Technology,Semiconductors,"Kirkland, Washington",2021-02-12T00:00:00Z,1280452,1/4/1997
MNST,Monster Beverage,Consumer Staples,Soft Drinks & Non-alcoholic Beverages,"Corona, California",2012-06-28T00:00:00Z,865752,1/4/1935
MCO,Moody's Corporation,Financials,Financial Exchanges & Data,"New York City, New York",1998-07-01T00:00:00Z,1059556,1/4/1909
MS,Morgan Stanley,Financials,Investment Banking & Brokerage,"New York City, New York",1993-07-29T00:00:00Z,895421,1/4/1935
MOS,Mosaic Company (The),Materials,Fertilizers & Agricultural Chemicals,"Tampa, Florida",2011-09-26T00:00:00Z,1285785,1/4/1865
MSI,Motorola Solutions,Information Technology,Communications Equipment,"Chicago, Illinois",1957-03-04T00:00:00Z,68505,1/4/1928
MSCI,MSCI Inc.,Financials,Financial Exchanges & Data,"New York City, New York",2018-04-04T00:00:00Z,1408198,1/4/1969
NDAQ,"Nasdaq, Inc.",Financials,Financial Exchanges & Data,"New York City, New York",2008-10-22T00:00:00Z,1120193,1/4/1971
NTAP,NetApp,Information Technology,"Technology Hardware, Storage & Peripherals","San Jose, California",1999-06-25T00:00:00Z,1002047,1/4/1992
NFLX,Netflix,Communication Services,Movies & Entertainment,"Los Gatos, California",2010-12-20T00:00:00Z,1065280,1/4/1997
NEM,Newmont,Materials,Gold,"Denver, Colorado",1969-06-30T00:00:00Z,1164727,1/4/1921
NWSA,News Corp (Class A),Communication Services,Publishing,"New York City, New York",2013-08-01T00:00:00Z,1564708,1/4/1980
NWS,News Corp (Class B),Communication Services,Publishing,"New York City, New York",2015-09-18T00:00:00Z,1564708,1/4/1980
NEE,NextEra Energy,Utilities,Multi-Utilities,"Juno Beach, Florida",1976-06-30T00:00:00Z,753308,1/4/1925
NKE,"Nike, Inc.",Consumer Discretionary,"Apparel, Accessories & Luxury Goods","Washington County, Oregon",1988-11-30T00:00:00Z,320187,1/4/1964
NI,NiSource,Utilities,Multi-Utilities,"Merrillville, Indiana",2000-11-02T00:00:00Z,1111711,1/4/1912
NDSN,Nordson Corporation,Industrials,Industrial Machinery & Supplies & Components,"Westlake, Ohio",2022-02-15T00:00:00Z,72331,1/4/1935
NSC,Norfolk Southern,Industrials,Rail Transportation,"Atlanta, Georgia",1957-03-04T00:00:00Z,702165,1/4/1881
NTRS,Northern Trust,Financials,Asset Management & Custody Banks,"Chicago, Illinois",1998-01-30T00:00:00Z,73124,1/4/1889
NOC,Northrop Grumman,Industrials,Aerospace & Defense,"West Falls Church, Virginia",1957-03-04T00:00:00Z,1133421,1/4/1930
NCLH,Norwegian Cruise Line Holdings,Consumer Discretionary,"Hotels, Resorts & Cruise Lines","Miami, Florida",2017-10-13T00:00:00Z,1513761,1/4/1966
NRG,NRG Energy,Utilities,Independent Power Producers & Energy Traders,"Houston, Texas",2010-01-29T00:00:00Z,1013871,1/4/1992
NUE,Nucor,Materials,Steel,"Charlotte, North Carolina",1985-04-30T00:00:00Z,73309,1/4/1940
NVDA,Nvidia,Information Technology,Semiconductors,"Santa Clara, California",2001-11-30T00:00:00Z,1045810,1/4/1993
NVR,"NVR, Inc.",Consumer Discretionary,Homebuilding,"Reston, Virginia",2019-09-26T00:00:00Z,906163,1/4/1980
NXPI,NXP Semiconductors,Information Technology,Semiconductors,"Eindhoven, Netherlands",2021-03-22T00:00:00Z,1413447,1/4/1953
ORLY,O’Reilly Automotive,Consumer Discretionary,Automotive Retail,"Springfield, Missouri",2009-03-27T00:00:00Z,898173,1/4/1957
OXY,Occidental Petroleum,Energy,Oil & Gas Exploration & Production,"Houston, Texas",1957-03-04T00:00:00Z,797468,1/4/1920
ODFL,Old Dominion,Industrials,Cargo Ground Transportation,"Thomasville, North Carolina",2019-12-09T00:00:00Z,878927,1/4/1934
OMC,Omnicom Group,Communication Services,Advertising,"New York City, New York",1997-12-31T00:00:00Z,29989,1/4/1986
ON,ON Semiconductor,Information Technology,Semiconductors,"Phoenix, Arizona",2022-06-21T00:00:00Z,1097864,1/4/1999
OKE,Oneok,Energy,Oil & Gas Storage & Transportation,"Tulsa, Oklahoma",2010-03-15T00:00:00Z,1039684,1/4/1906
ORCL,Oracle Corporation,Information Technology,Application Software,"Austin, Texas",1989-08-31T00:00:00Z,1341439,1/4/1977
OTIS,Otis Worldwide,Industrials,Industrial Machinery & Supplies & Components,"Farmington, Connecticut",2020-04-03T00:00:00Z,1781335,1/4/1853
PCAR,Paccar,Industrials,Construction Machinery & Heavy Transportation Equipment,"Bellevue, Washington",1980-12-31T00:00:00Z,75362,1/4/1905
PKG,Packaging Corporation of America,Materials,Paper & Plastic Packaging Products & Materials,"Lake Forest, Illinois",2017-07-26T00:00:00Z,75677,1/4/1959
PLTR,Palantir Technologies,Information Technology,Application Software,"Denver, Colorado",2024-09-23T00:00:00Z,1321655,1/4/2003
PANW,Palo Alto Networks,Information Technology,Systems Software,"Santa Clara, California",2023-06-20T00:00:00Z,1327567,1/4/2005
PARA,Paramount Global,Communication Services,Movies & Entertainment,"New York City, New York",1994-09-30T00:00:00Z,813828,1/4/1912
PH,Parker Hannifin,Industrials,Industrial Machinery & Supplies & Components,"Cleveland, Ohio",1985-11-30T00:00:00Z,76334,1/4/1917
PAYX,Paychex,Industrials,Human Resource & Employment Services,"Penfield, New York",1998-10-01T00:00:00Z,723531,1/4/1971
PAYC,Paycom,Industrials,Human Resource & Employment Services,"Oklahoma City, Oklahoma",2020-01-28T00:00:00Z,1590955,1/4/1998
PYPL,PayPal,Financials,Transaction & Payment Processing Services,"San Jose, California",2015-07-20T00:00:00Z,1633917,1/4/1998
PNR,Pentair,Industrials,Industrial Machinery & Supplies & Components,"Worsley, United Kingdom",2012-10-01T00:00:00Z,77360,1/4/1966
PEP,PepsiCo,Consumer Staples,Soft Drinks & Non-alcoholic Beverages,"Purchase, New York",1957-03-04T00:00:00Z,77476,1/4/1898
PFE,Pfizer,Health Care,Pharmaceuticals,"New York City, New York",1957-03-04T00:00:00Z,78003,1/4/1849
PCG,PG&E Corporation,Utilities,Multi-Utilities,"Oakland, California",2022-10-03T00:00:00Z,1004980,1/4/1905
PM,Philip Morris International,Consumer Staples,Tobacco,"New York City, New York",2008-03-31T00:00:00Z,1413329,1/4/1847
PSX,Phillips 66,Energy,Oil & Gas Refining & Marketing,"Houston, Texas",2012-05-01T00:00:00Z,1534701,1/4/1917
PNW,Pinnacle West Capital,Utilities,Multi-Utilities,"Phoenix, Arizona",1999-10-04T00:00:00Z,764622,1/4/1985
PNC,PNC Financial Services,Financials,Diversified Banks,"Pittsburgh, Pennsylvania",1988-04-30T00:00:00Z,713676,1/4/1845
POOL,Pool Corporation,Consumer Discretionary,Distributors,"Covington, Louisiana",2020-10-07T00:00:00Z,945841,1/4/1993
PPG,PPG Industries,Materials,Specialty Chemicals,"Pittsburgh, Pennsylvania",1957-03-04T00:00:00Z,79879,1/4/1883
PPL,PPL Corporation,Utilities,Electric Utilities,"Allentown, Pennsylvania",2001-10-01T00:00:00Z,922224,1/4/1920
PFG,Principal Financial Group,Financials,Life & Health Insurance,"Des Moines, Iowa",2002-07-22T00:00:00Z,1126328,1/4/1879
PG,Procter & Gamble,Consumer Staples,Personal Care Products,"Cincinnati, Ohio",1957-03-04T00:00:00Z,80424,1/4/1837
PGR,Progressive Corporation,Financials,Property & Casualty Insurance,"Mayfield Village, Ohio",1997-08-04T00:00:00Z,80661,1/4/1937
PLD,Prologis,Real Estate,Industrial REITs,"San Francisco, California",2003-07-17T00:00:00Z,1045609,1/4/1983
PRU,Prudential Financial,Financials,Life & Health Insurance,"Newark, New Jersey",2002-07-22T00:00:00Z,1137774,1/4/1875
PEG,Public Service Enterprise Group,Utilities,Electric Utilities,"Newark, New Jersey",1957-03-04T00:00:00Z,788784,1/4/1903
PTC,PTC Inc.,Information Technology,Application Software,"Boston, Massachusetts",2021-04-20T00:00:00Z,857005,1/4/1985
PSA,Public Storage,Real Estate,Self-Storage REITs,"Glendale, California",2005-08-19T00:00:00Z,1393311,1/4/1972
PHM,PulteGroup,Consumer Discretionary,Homebuilding,"Atlanta, Georgia",1984-04-30T00:00:00Z,822416,1/4/1956
PWR,Quanta Services,Industrials,Construction & Engineering,"Houston, Texas",2009-07-01T00:00:00Z,1050915,1/4/1997
QCOM,Qualcomm,Information Technology,Semiconductors,"San Diego, California",1999-07-22T00:00:00Z,804328,1/4/1985
DGX,Quest Diagnostics,Health Care,Health Care Services,"Secaucus, New Jersey",2002-12-12T00:00:00Z,1022079,1/4/1967
RL,Ralph Lauren Corporation,Consumer Discretionary,"Apparel, Accessories & Luxury Goods","New York City, New York",2007-02-02T00:00:00Z,1037038,1/4/1967
RJF,Raymond James Financial,Financials,Investment Banking & Brokerage,"St. Petersburg, Florida",2017-03-20T00:00:00Z,720005,1/4/1962
RTX,RTX Corporation,Industrials,Aerospace & Defense,"Waltham, Massachusetts",1957-03-04T00:00:00Z,101829,1/4/1922
O,Realty Income,Real Estate,Retail REITs,"San Diego, California",2015-04-07T00:00:00Z,726728,1/4/1969
REG,Regency Centers,Real Estate,Retail REITs,"Jacksonville, Florida",2017-03-02T00:00:00Z,910606,1/4/1963
REGN,Regeneron Pharmaceuticals,Health Care,Biotechnology,"Tarrytown, New York",2013-05-01T00:00:00Z,872589,1/4/1988
RF,Regions Financial Corporation,Financials,Regional Banks,"Birmingham, Alabama",1998-08-28T00:00:00Z,1281761,1/4/1971
RSG,Republic Services,Industrials,Environmental & Facilities Services,"Phoenix, Arizona",2008-12-05T00:00:00Z,1060391,1/4/1981
RMD,ResMed,Health Care,Health Care Equipment,"San Diego, California",2017-07-26T00:00:00Z,943819,1/4/1989
RVTY,Revvity,Health Care,Health Care Equipment,"Waltham, Massachusetts",1985-05-31T00:00:00Z,31791,1/4/1937
ROK,Rockwell Automation,Industrials,Electrical Components & Equipment,"Milwaukee, Wisconsin",2000-03-12T00:00:00Z,1024478,1/4/1903
ROL,"Rollins, Inc.",Industrials,Environmental & Facilities Services,"Atlanta, Georgia",2018-10-01T00:00:00Z,84839,1/4/1948
ROP,Roper Technologies,Information Technology,Electronic Equipment & Instruments,"Sarasota, Florida",2009-12-23T00:00:00Z,882835,1/4/1981
ROST,Ross Stores,Consumer Discretionary,Apparel Retail,"Dublin, California",2009-12-21T00:00:00Z,745732,1/4/1982
RCL,Royal Caribbean Group,Consumer Discretionary,"Hotels, Resorts & Cruise Lines","Miami, Florida",2014-12-05T00:00:00Z,884887,1/4/1997
SPGI,S&P Global,Financials,Financial Exchanges & Data,"New York City, New York",1957-03-04T00:00:00Z,64040,1/4/1917
CRM,Salesforce,Information Technology,Application Software,"San Francisco, California",2008-09-15T00:00:00Z,1108524,1/4/1999
SBAC,SBA Communications,Real Estate,Telecom Tower REITs,"Boca Raton, Florida",2017-09-01T00:00:00Z,1034054,1/4/1989
SLB,Schlumberger,Energy,Oil & Gas Equipment & Services,"Houston, Texas",1957-03-04T00:00:00Z,87347,1/4/1926
STX,Seagate Technology,Information Technology,"Technology Hardware, Storage & Peripherals","Dublin, Ireland",2012-07-02T00:00:00Z,1137789,1/4/1979
SRE,Sempra,Utilities,Multi-Utilities,"San Diego, California",2017-03-17T00:00:00Z,1032208,1/4/1998
NOW,ServiceNow,Information Technology,Systems Software,"Santa Clara, California",2019-11-21T00:00:00Z,1373715,1/4/2003
SHW,Sherwin-Williams,Materials,Specialty Chemicals,"Cleveland, Ohio",1964-06-30T00:00:00Z,89800,1/4/1866
SPG,Simon Property Group,Real Estate,Retail REITs,"Indianapolis, Indiana",2002-06-26T00:00:00Z,1063761,1/4/2003
SWKS,Skyworks Solutions,Information Technology,Semiconductors,"Irvine, California",2015-03-12T00:00:00Z,4127,1/4/2002
SJM,J.M. Smucker Company (The),Consumer Staples,Packaged Foods & Meats,"Orrville, Ohio",2008-11-06T00:00:00Z,91419,1/4/1897
SW,Smurfit Westrock,Materials,Paper & Plastic Packaging Products & Materials,"Dublin, Ireland",2024-07-08T00:00:00Z,2005951,1/4/1934
SNA,Snap-on,Industrials,Industrial Machinery & Supplies & Components,"Kenosha, Wisconsin",1982-09-30T00:00:00Z,91440,1/4/1920
SOLV,Solventum,Health Care,Health Care Technology,"Saint Paul, Minnesota",2024-04-01T00:00:00Z,1964738,1/4/2023
SO,Southern Company,Utilities,Electric Utilities,"Atlanta, Georgia",1957-03-04T00:00:00Z,92122,1/4/1945
LUV,Southwest Airlines,Industrials,Passenger Airlines,"Dallas, Texas",1994-07-01T00:00:00Z,92380,1/4/1967
SWK,Stanley Black & Decker,Industrials,Industrial Machinery & Supplies & Components,"New Britain, Connecticut",1982-09-30T00:00:00Z,93556,1/4/1843
SBUX,Starbucks,Consumer Discretionary,Restaurants,"Seattle, Washington",2000-06-07T00:00:00Z,829224,1/4/1971
STT,State Street Corporation,Financials,Asset Management & Custody Banks,"Boston, Massachusetts",2003-03-14T00:00:00Z,93751,1/4/1792
STLD,Steel Dynamics,Materials,Steel,"Fort Wayne, Indiana",2022-12-22T00:00:00Z,1022671,1/4/1993
STE,Steris,Health Care,Health Care Equipment,"Dublin, Ireland",2019-12-23T00:00:00Z,1757898,1/4/1985
SYK,Stryker Corporation,Health Care,Health Care Equipment,"Kalamazoo, Michigan",2000-12-12T00:00:00Z,310764,1/4/1941
SMCI,Supermicro,Information Technology,"Technology Hardware, Storage & Peripherals","San Jose, California",2024-03-18T00:00:00Z,1375365,1/4/1993
SYF,Synchrony Financial,Financials,Consumer Finance,"Stamford, Connecticut",2015-11-18T00:00:00Z,1601712,1/4/2003
SNPS,Synopsys,Information Technology,Application Software,"Sunnyvale, California",2017-03-16T00:00:00Z,883241,1/4/1986
SYY,Sysco,Consumer Staples,Food Distributors,"Houston, Texas",1986-12-31T00:00:00Z,96021,1/4/1969
TMUS,T-Mobile US,Communication Services,Wireless Telecommunication Services,"Bellevue, Washington",2019-07-15T00:00:00Z,1283699,1/4/1994
TROW,T. Rowe Price,Financials,Asset Management & Custody Banks,"Baltimore, Maryland",2019-07-29T00:00:00Z,1113169,1/4/1937
TTWO,Take-Two Interactive,Communication Services,Interactive Home Entertainment,"New York City, New York",2018-03-19T00:00:00Z,946581,1/4/1993
TPR,"Tapestry, Inc.",Consumer Discretionary,"Apparel, Accessories & Luxury Goods","New York City, New York",2004-09-01T00:00:00Z,1116132,1/4/2017
TRGP,Targa Resources,Energy,Oil & Gas Storage & Transportation,"Houston, Texas",2022-10-12T00:00:00Z,1389170,1/4/2005
TGT,Target Corporation,Consumer Staples,Consumer Staples Merchandise Retail,"Minneapolis, Minnesota",1976-12-31T00:00:00Z,27419,1/4/1902
TEL,TE Connectivity,Information Technology,Electronic Manufacturing Services,"Galway, Ireland",2011-10-17T00:00:00Z,1385157,1/4/2007
TDY,Teledyne Technologies,Information Technology,Electronic Equipment & Instruments,"Thousand Oaks, California",2020-06-22T00:00:00Z,1094285,1/4/1960
TER,Teradyne,Information Technology,Semiconductor Materials & Equipment,"North Reading, Massachusetts",2020-09-21T00:00:00Z,97210,1/4/1960
TSLA,"Tesla, Inc.",Consumer Discretionary,Automobile Manufacturers,"Austin, Texas",2020-12-21T00:00:00Z,1318605,1/4/2003
TXN,Texas Instruments,Information Technology,Semiconductors,"Dallas, Texas",2001-03-12T00:00:00Z,97476,1/4/1930
TPL,Texas Pacific Land Corporation,Energy,Oil & Gas Exploration & Production,"Dallas, Texas",2024-11-26T00:00:00Z,1811074,1/4/1888
TXT,Textron,Industrials,Aerospace & Defense,"Providence, Rhode Island",1978-12-31T00:00:00Z,217346,1/4/1923
TMO,Thermo Fisher Scientific,Health Care,Life Sciences Tools & Services,"Waltham, Massachusetts",2004-08-03T00:00:00Z,97745,1/4/1902
TJX,TJX Companies,Consumer Discretionary,Apparel Retail,"Framingham, Massachusetts",1985-09-30T00:00:00Z,109198,1/4/1987
TKO,TKO Group Holdings,Communication Services,Movies & Entertainment,"New York City, New York",2025-03-24T00:00:00Z,1973266,1/4/2023
TTD,Trade Desk (The),Communication Services,Advertising,"Ventura, California",2025-07-18T00:00:00Z,1671933,1/4/2009
TSCO,Tractor Supply,Consumer Discretionary,Other Specialty Retail,"Brentwood, Tennessee",2014-01-24T00:00:00Z,916365,1/4/1938
TT,Trane Technologies,Industrials,Building Products,"Dublin, Ireland",2010-11-17T00:00:00Z,1466258,1/4/1871
TDG,TransDigm Group,Industrials,Aerospace & Defense,"Cleveland, Ohio",2016-06-03T00:00:00Z,1260221,1/4/1993
TRV,Travelers Companies (The),Financials,Property & Casualty Insurance,"New York City, New York",2002-08-21T00:00:00Z,86312,1/4/1853
TRMB,Trimble Inc.,Information Technology,Electronic Equipment & Instruments,"Westminster, Colorado",2021-01-21T00:00:00Z,864749,1/4/1978
TFC,Truist Financial,Financials,Diversified Banks,"Charlotte, North Carolina",1997-12-04T00:00:00Z,92230,1/4/1872
TYL,Tyler Technologies,Information Technology,Application Software,"Plano, Texas",2020-06-22T00:00:00Z,860731,1/4/1966
TSN,Tyson Foods,Consumer Staples,Packaged Foods & Meats,"Springdale, Arkansas",2005-08-10T00:00:00Z,100493,1/4/1935
USB,U.S. Bancorp,Financials,Diversified Banks,"Minneapolis, Minnesota",1999-11-01T00:00:00Z,36104,1/4/1968
UBER,Uber,Industrials,Passenger Ground Transportation,"San Francisco, California",2023-12-18T00:00:00Z,1543151,1/4/2009
UDR,"UDR, Inc.",Real Estate,Multi-Family Residential REITs,"Highlands Ranch, Colorado",2016-03-07T00:00:00Z,74208,1/4/1972
ULTA,Ulta Beauty,Consumer Discretionary,Other Specialty Retail,"Bolingbrook, Illinois",2016-04-18T00:00:00Z,1403568,1/4/1990
UNP,Union Pacific Corporation,Industrials,Rail Transportation,"Omaha, Nebraska",1957-03-04T00:00:00Z,100885,1/4/1862
UAL,United Airlines Holdings,Industrials,Passenger Airlines,"Chicago, Illinois",2015-09-03T00:00:00Z,100517,1/4/1967
UPS,United Parcel Service,Industrials,Air Freight & Logistics,"Sandy Springs, Georgia",2002-07-22T00:00:00Z,1090727,1/4/1907
URI,United Rentals,Industrials,Trading Companies & Distributors,"Stamford, Connecticut",2014-09-20T00:00:00Z,1067701,1/4/1997
UNH,UnitedHealth Group,Health Care,Managed Health Care,"Minnetonka, Minnesota",1994-07-01T00:00:00Z,731766,1/4/1977
UHS,Universal Health Services,Health Care,Health Care Facilities,"King of Prussia, Pennsylvania",2014-09-20T00:00:00Z,352915,1/4/1979
VLO,Valero Energy,Energy,Oil & Gas Refining & Marketing,"San Antonio, Texas",2002-12-20T00:00:00Z,1035002,1/4/1980
VTR,Ventas,Real Estate,Health Care REITs,"Chicago, Illinois",2009-03-04T00:00:00Z,740260,1/4/1998
VLTO,Veralto,Industrials,Environmental & Facilities Services,"Waltham, Massachusetts",2023-10-02T00:00:00Z,1967680,1/4/2023
VRSN,Verisign,Information Technology,Internet Services & Infrastructure,"Dulles, Virginia",2006-02-01T00:00:00Z,1014473,1/4/1995
VRSK,Verisk Analytics,Industrials,Research & Consulting Services,"Jersey City, New Jersey",2015-10-08T00:00:00Z,1442145,1/4/1971
VZ,Verizon,Communication Services,Integrated Telecommunication Services,"New York City, New York",1983-11-30T00:00:00Z,732712,1/4/1877
VRTX,Vertex Pharmaceuticals,Health Care,Biotechnology,"Boston, Massachusetts",2013-09-23T00:00:00Z,875320,1/4/1989
VTRS,Viatris,Health Care,Pharmaceuticals,"Pittsburgh, Pennsylvania",2004-04-23T00:00:00Z,1792044,1/4/1961
VICI,Vici Properties,Real Estate,Hotel & Resort REITs,"New York City, New York",2022-06-08T00:00:00Z,1705696,1/4/2017
V,Visa Inc.,Financials,Transaction & Payment Processing Services,"San Francisco, California",2009-12-21T00:00:00Z,1403161,1/4/1958
VST,Vistra Corp.,Utilities,Electric Utilities,"Irving, Texas",2024-05-08T00:00:00Z,1692819,1/4/2016
VMC,Vulcan Materials Company,Materials,Construction Materials,"Birmingham, Alabama",1999-06-30T00:00:00Z,1396009,1/4/1909
WRB,W. R. Berkley Corporation,Financials,Property & Casualty Insurance,"Greenwich, Connecticut",2019-12-05T00:00:00Z,11544,1/4/1967
GWW,W. W. Grainger,Industrials,Industrial Machinery & Supplies & Components,"Lake Forest, Illinois",1981-06-30T00:00:00Z,277135,1/4/1927
WAB,Wabtec,Industrials,Construction Machinery & Heavy Transportation Equipment,"Pittsburgh, Pennsylvania",2019-02-27T00:00:00Z,943452,1/4/1869
WBA,Walgreens Boots Alliance,Consumer Staples,Drug Retail,"Deerfield, Illinois",1979-12-31T00:00:00Z,1618921,1/4/2014
WMT,Walmart,Consumer Staples,Consumer Staples Merchandise Retail,"Bentonville, Arkansas",1982-08-31T00:00:00Z,104169,1/4/1962
DIS,Walt Disney Company (The),Communication Services,Movies & Entertainment,"Burbank, California",1976-06-30T00:00:00Z,1744489,1/4/1923
WBD,Warner Bros. Discovery,Communication Services,Broadcasting,"New York City, New York",2022-04-11T00:00:00Z,1437107,1/4/1923
WM,Waste Management,Industrials,Environmental & Facilities Services,"Houston, Texas",1998-08-31T00:00:00Z,823768,1/4/1968
WAT,Waters Corporation,Health Care,Life Sciences Tools & Services,"Milford, Massachusetts",2002-01-02T00:00:00Z,1000697,1/4/1958
WEC,WEC Energy Group,Utilities,Electric Utilities,"Milwaukee, Wisconsin",2008-10-31T00:00:00Z,783325,1/4/1896
WFC,Wells Fargo,Financials,Diversified Banks,"San Francisco, California",1976-06-30T00:00:00Z,72971,1/4/1852
WELL,Welltower,Real Estate,Health Care REITs,"Toledo, Ohio",2009-01-30T00:00:00Z,766704,1/4/1970
WST,West Pharmaceutical Services,Health Care,Health Care Supplies,"Exton, Pennsylvania",2020-05-22T00:00:00Z,105770,1/4/1923
WDC,Western Digital,Information Technology,"Technology Hardware, Storage & Peripherals","San Jose, California",2009-07-01T00:00:00Z,106040,1/4/1970
WY,Weyerhaeuser,Real Estate,Timber REITs,"Seattle, Washington",1979-10-01T00:00:00Z,106535,1/4/1900
WSM,"Williams-Sonoma, Inc.",Consumer Discretionary,Homefurnishing Retail,"San Francisco, California",2025-03-24T00:00:00Z,719955,1/4/1956
WMB,Williams Companies,Energy,Oil & Gas Storage & Transportation,"Tulsa, Oklahoma",1975-03-31T00:00:00Z,107263,1/4/1908
WTW,Willis Towers Watson,Financials,Insurance Brokers,"London, United Kingdom",2016-01-05T00:00:00Z,1140536,1/4/2016
WDAY,"Workday, Inc.",Information Technology,Application Software,"Pleasanton, California",2024-12-23T00:00:00Z,1327811,1/4/2005
WYNN,Wynn Resorts,Consumer Discretionary,Casinos & Gaming,"Paradise, Nevada",2008-11-14T00:00:00Z,1174922,1/4/2002
XEL,Xcel Energy,Utilities,Multi-Utilities,"Minneapolis, Minnesota",1957-03-04T00:00:00Z,72903,1/4/1909
XYL,Xylem Inc.,Industrials,Industrial Machinery & Supplies & Components,"White Plains, New York",2011-11-01T00:00:00Z,1524472,1/4/2011
YUM,Yum! Brands,Consumer Discretionary,Restaurants,"Louisville, Kentucky",1997-10-06T00:00:00Z,1041061,1/4/1997
ZBRA,Zebra Technologies,Information Technology,Electronic Equipment & Instruments,"Lincolnshire, Illinois",2019-12-23T00:00:00Z,877212,1/4/1969
ZBH,Zimmer Biomet,Health Care,Health Care Equipment,"Warsaw, Indiana",2001-08-07T00:00:00Z,1136869,1/4/1927
ZTS,Zoetis,Health Care,Pharmaceuticals,"Parsippany, New Jersey",2013-06-21T00:00:00Z,1555280,1/4/1952
